alpha,success_rate,avg_latency,avg_ttft,p25_ttft,p50_ttft,p75_ttft,p90_ttft,p99_ttft,avg_tpot,p25_tpot,p50_tpot,p75_tpot,p90_tpot,p99_tpot
0.25,1.0,3.5372341670425085,0.07703537311050218,0.06021282749998136,0.07154500849992473,0.08309727349978857,0.09651394550010081,0.2753458100900749,0.0353318182871555,0.03365191369955842,0.03493904926984662,0.036519453560000935,0.03821418272337275,0.043826188014082244
0.5,1.0,9.393065516145255,0.18468892574549886,0.1431755702499231,0.1818056834995332,0.2191406322497187,0.2505744902997321,0.5003100992797862,0.09429266877023484,0.08147252753782257,0.1050395133025394,0.11091611713274671,0.11684866263330049,0.12679780695032236
0.75,1.0,18.751881251956753,2.5381618527762484,0.20150462424999205,0.3240227530004631,0.47644576750030865,7.212651402199754,25.122840443890063,0.1680910323369196,0.12362039037996506,0.17981298873334406,0.2184961470647514,0.2438704375894527,0.285080337214435
1.0,1.0,26.152148514917,7.972878583164749,0.24521406349958852,0.4213611910004147,0.8526157827498082,42.474431625099896,44.77216082591973,0.19858470168267156,0.15162751023770968,0.19499295099996578,0.25203160634380567,0.2866080714542595,0.35228652311024233
1.25,1.0,30.690729241212253,10.859780766423755,0.2866791365001973,0.5150610340001549,4.430254712750184,53.28437564420001,56.03157820030977,0.21995349309257614,0.17616683671139108,0.21739124439622826,0.28821446563336695,0.309135536300073,0.3976990867660242
1.5,1.0,33.67082374654425,12.971602328383996,0.33910029725029744,0.7811582520002958,8.471312796000348,59.95097014280045,62.9403018938595,0.2388727691141181,0.18734644909383746,0.23192943869072252,0.3006774565112411,0.31655263343431217,0.5518270604800455
1.75,1.0,35.87926297517225,14.683817962894505,0.3926669014995241,1.910881019000044,11.979679803499721,65.26512355180003,68.32050405041947,0.2452071133546186,0.18953879304102675,0.24875181639160976,0.3034865002500088,0.31636564332173533,0.5402032031001088
2.0,1.0,37.78391700409551,16.2863540298,0.4801335857500817,3.3853988864998428,15.066424853999706,69.17583378160016,72.68964533906019,0.2501285607084272,0.19297746345447903,0.26170348864284926,0.3051888498685371,0.31737571133220993,0.54599231986007
