alpha,success_rate,avg_latency,avg_ttft,p25_ttft,p50_ttft,p75_ttft,p90_ttft,p99_ttft,avg_tpot,p25_tpot,p50_tpot,p75_tpot,p90_tpot,p99_tpot
0.25,1.0,2.5059456982740014,0.05892897308975267,0.045645418750041244,0.05382987549990048,0.06434109225011753,0.07681622569996308,0.1307129600498719,0.02495872634565623,0.023338426625141136,0.02457528794565425,0.026118539228353096,0.0282164870199922,0.033638604381422195
0.5,1.0,5.851766309421253,0.12464049877725222,0.09643997800014859,0.11908169049979733,0.13943627324988483,0.1632181739000316,0.4743575039000169,0.058176691555215834,0.057275824678249196,0.061863724086952454,0.06512742902641822,0.0668115512370136,0.07656065404994024
0.75,1.0,13.973797494530746,0.27926669355149975,0.17883220024987168,0.26420827200013264,0.36026917424987914,0.4432841736002046,0.8023320429100925,0.14204423305898045,0.10448485168363367,0.15003240072677834,0.1842507951250165,0.20737207401999208,0.24262866267235458
1.0,1.0,18.237156079049747,0.48851387623699927,0.21878969600015807,0.3504588625000906,0.4941381265000473,0.8811821964999125,2.8601722656097897,0.1879492717725893,0.13491502191508364,0.19892761600581624,0.24374270210712656,0.28465184062153687,0.3351633394220043
1.25,1.0,21.71620939284325,1.9150105326302573,0.2668552615000408,0.45599701299966,1.44176917350012,7.24414158980012,12.222960502109972,0.21217757695359615,0.1585456389232841,0.2295474928969697,0.2764087097538266,0.2918512902128896,0.3522193678554879
1.5,1.0,24.52152217255475,3.713522902506251,0.30274411574976057,0.6723557294999409,5.415218274499807,13.148511618000109,19.823748174349998,0.22515900542481662,0.18137173108245702,0.2546166480540558,0.2820012781750165,0.29135683877836566,0.34004259168459056
1.75,1.0,26.845066162304,5.312658492568499,0.33837347350004165,0.93941201299981,8.401865069749988,17.793889639799993,25.36341996552993,0.23614752268206324,0.19762621061319172,0.26520245469989195,0.28771439400170146,0.2960253969430901,0.37302045043759124
2.0,1.0,28.483098386012244,6.717338175062998,0.3553987412501556,1.866780080999888,11.273310090250106,21.55484243249998,29.419732620600403,0.23842605989578486,0.2095377857571423,0.26591236150000175,0.2855922962389087,0.2938521342633279,0.3520054254000206
