{
  "model": "/home/ubuntu/models/phi-4",
  "model_short_name": "phi-4",
  "nestedfp": false,
  "test_configurations": {
    "input_output_combinations": [
      [
        32,
        32
      ],
      [
        32,
        512
      ]
    ],
    "batch_sizes": [
      32,
      64,
      128,
      256,
      512
    ]
  },
  "results": [
    {
      "model": "/home/ubuntu/models/phi-4",
      "nestedfp": false,
      "input_length": 32,
      "output_length": 32,
      "num_requests": 32,
      "successful_requests": 32,
      "failed_requests": 0,
      "avg_e2e_latency": 0.5062479425932906,
      "p90_e2e_latency": 0.5103679821011611,
      "p99_e2e_latency": 0.5112247619824484,
      "avg_ttft": 0.10485429678010405,
      "avg_tpot": 0.012887730473472227,
      "total_tokens": 1024,
      "throughput_tokens_per_sec": 1986.4505256860057,
      "total_experiment_time": 0.5154923250083812,
      "input_len": 32,
      "output_len": 32,
      "batch_size": 32
    },
    {
      "model": "/home/ubuntu/models/phi-4",
      "nestedfp": false,
      "input_length": 32,
      "output_length": 32,
      "num_requests": 64,
      "successful_requests": 64,
      "failed_requests": 0,
      "avg_e2e_latency": 0.8409014220776498,
      "p90_e2e_latency": 0.8515700257979916,
      "p99_e2e_latency": 0.8546553386730374,
      "avg_ttft": 0.39034184720344456,
      "avg_tpot": 0.014739666629822984,
      "total_tokens": 2025,
      "throughput_tokens_per_sec": 2337.1864743482715,
      "total_experiment_time": 0.8664263730024686,
      "input_len": 32,
      "output_len": 32,
      "batch_size": 64
    },
    {
      "model": "/home/ubuntu/models/phi-4",
      "nestedfp": false,
      "input_length": 32,
      "output_length": 32,
      "num_requests": 128,
      "successful_requests": 128,
      "failed_requests": 0,
      "avg_e2e_latency": 0.7579825250704744,
      "p90_e2e_latency": 0.7672188600030495,
      "p99_e2e_latency": 0.773717788264621,
      "avg_ttft": 0.21970069764802247,
      "avg_tpot": 0.01725503383905336,
      "total_tokens": 4095,
      "throughput_tokens_per_sec": 5189.775917403389,
      "total_experiment_time": 0.7890514089958742,
      "input_len": 32,
      "output_len": 32,
      "batch_size": 128
    },
    {
      "model": "/home/ubuntu/models/phi-4",
      "nestedfp": false,
      "input_length": 32,
      "output_length": 32,
      "num_requests": 256,
      "successful_requests": 256,
      "failed_requests": 0,
      "avg_e2e_latency": 1.158886627485117,
      "p90_e2e_latency": 1.2275517564994516,
      "p99_e2e_latency": 1.236868618351582,
      "avg_ttft": 0.46485490699251386,
      "avg_tpot": 0.02227128086854042,
      "total_tokens": 8184,
      "throughput_tokens_per_sec": 6454.667034585191,
      "total_experiment_time": 1.2679197789984755,
      "input_len": 32,
      "output_len": 32,
      "batch_size": 256
    },
    {
      "model": "/home/ubuntu/models/phi-4",
      "nestedfp": false,
      "input_length": 32,
      "output_length": 32,
      "num_requests": 512,
      "successful_requests": 512,
      "failed_requests": 0,
      "avg_e2e_latency": 2.0184332804359713,
      "p90_e2e_latency": 2.0322163459059084,
      "p99_e2e_latency": 2.038114685120381,
      "avg_ttft": 0.8387979970177071,
      "avg_tpot": 0.03884329261428486,
      "total_tokens": 16383,
      "throughput_tokens_per_sec": 7857.643074194955,
      "total_experiment_time": 2.0849763529986376,
      "input_len": 32,
      "output_len": 32,
      "batch_size": 512
    },
    {
      "model": "/home/ubuntu/models/phi-4",
      "nestedfp": false,
      "input_length": 32,
      "output_length": 512,
      "num_requests": 32,
      "successful_requests": 32,
      "failed_requests": 0,
      "avg_e2e_latency": 6.8848330117498335,
      "p90_e2e_latency": 6.8919987519009736,
      "p99_e2e_latency": 6.8928254688839665,
      "avg_ttft": 0.07992730099795153,
      "avg_tpot": 0.013312871806658877,
      "total_tokens": 16384,
      "throughput_tokens_per_sec": 2376.3513665633964,
      "total_experiment_time": 6.894603310996899,
      "input_len": 32,
      "output_len": 512,
      "batch_size": 32
    },
    {
      "model": "/home/ubuntu/models/phi-4",
      "nestedfp": false,
      "input_length": 32,
      "output_length": 512,
      "num_requests": 64,
      "successful_requests": 64,
      "failed_requests": 0,
      "avg_e2e_latency": 7.568430818764682,
      "p90_e2e_latency": 7.574922234102269,
      "p99_e2e_latency": 7.576288325457572,
      "avg_ttft": 0.1338861787339738,
      "avg_tpot": 0.014539557397948783,
      "total_tokens": 32768,
      "throughput_tokens_per_sec": 4323.246314053673,
      "total_experiment_time": 7.579489489988191,
      "input_len": 32,
      "output_len": 512,
      "batch_size": 64
    },
    {
      "model": "/home/ubuntu/models/phi-4",
      "nestedfp": false,
      "input_length": 32,
      "output_length": 512,
      "num_requests": 128,
      "successful_requests": 128,
      "failed_requests": 0,
      "avg_e2e_latency": 9.145481444445068,
      "p90_e2e_latency": 9.26940462730854,
      "p99_e2e_latency": 9.271348260840169,
      "avg_ttft": 0.44140312935076054,
      "avg_tpot": 0.017224324563049787,
      "total_tokens": 64747,
      "throughput_tokens_per_sec": 6975.396390084226,
      "total_experiment_time": 9.282196505999309,
      "input_len": 32,
      "output_len": 512,
      "batch_size": 128
    },
    {
      "model": "/home/ubuntu/models/phi-4",
      "nestedfp": false,
      "input_length": 32,
      "output_length": 512,
      "num_requests": 256,
      "successful_requests": 256,
      "failed_requests": 0,
      "avg_e2e_latency": 12.177717210278047,
      "p90_e2e_latency": 12.32407216700085,
      "p99_e2e_latency": 12.342668371104082,
      "avg_ttft": 0.5556849187853459,
      "avg_tpot": 0.02258482345326534,
      "total_tokens": 131071,
      "throughput_tokens_per_sec": 10608.01121104495,
      "total_experiment_time": 12.355850440988434,
      "input_len": 32,
      "output_len": 512,
      "batch_size": 256
    },
    {
      "model": "/home/ubuntu/models/phi-4",
      "nestedfp": false,
      "input_length": 32,
      "output_length": 512,
      "num_requests": 512,
      "successful_requests": 512,
      "failed_requests": 0,
      "avg_e2e_latency": 23.181451404664443,
      "p90_e2e_latency": 25.58601703690802,
      "p99_e2e_latency": 26.074600220602587,
      "avg_ttft": 0.8290880984650357,
      "avg_tpot": 0.04372189147980542,
      "total_tokens": 262125,
      "throughput_tokens_per_sec": 10022.975170138076,
      "total_experiment_time": 26.152414383002906,
      "input_len": 32,
      "output_len": 512,
      "batch_size": 512
    }
  ]
}