{
  "model": "/home/ubuntu/models/phi-4",
  "model_short_name": "phi-4",
  "nestedfp": true,
  "test_configurations": {
    "input_output_combinations": [
      [
        32,
        32
      ],
      [
        32,
        512
      ]
    ],
    "batch_sizes": [
      32,
      64,
      128,
      256,
      512
    ]
  },
  "results": [
    {
      "model": "/home/ubuntu/models/phi-4",
      "nestedfp": true,
      "input_length": 32,
      "output_length": 32,
      "num_requests": 32,
      "successful_requests": 32,
      "failed_requests": 0,
      "avg_e2e_latency": 0.8053629094993084,
      "p90_e2e_latency": 0.8099394369957735,
      "p99_e2e_latency": 0.8113196523890656,
      "avg_ttft": 0.3903721973115353,
      "avg_tpot": 0.013332790905429472,
      "total_tokens": 1024,
      "throughput_tokens_per_sec": 1257.6246951308854,
      "total_experiment_time": 0.8142333750001853,
      "input_len": 32,
      "output_len": 32,
      "batch_size": 32
    },
    {
      "model": "/home/ubuntu/models/phi-4",
      "nestedfp": true,
      "input_length": 32,
      "output_length": 32,
      "num_requests": 64,
      "successful_requests": 64,
      "failed_requests": 0,
      "avg_e2e_latency": 0.6087501365936987,
      "p90_e2e_latency": 0.6148188094040961,
      "p99_e2e_latency": 0.620442953077727,
      "avg_ttft": 0.14070408620204944,
      "avg_tpot": 0.014988088439549168,
      "total_tokens": 2048,
      "throughput_tokens_per_sec": 3266.770304304097,
      "total_experiment_time": 0.626918886002386,
      "input_len": 32,
      "output_len": 32,
      "batch_size": 64
    },
    {
      "model": "/home/ubuntu/models/phi-4",
      "nestedfp": true,
      "input_length": 32,
      "output_length": 32,
      "num_requests": 128,
      "successful_requests": 128,
      "failed_requests": 0,
      "avg_e2e_latency": 0.8050507294922227,
      "p90_e2e_latency": 0.8148516770947026,
      "p99_e2e_latency": 0.8210360767399835,
      "avg_ttft": 0.2296613491092785,
      "avg_tpot": 0.018457876686607633,
      "total_tokens": 4095,
      "throughput_tokens_per_sec": 4896.946247654899,
      "total_experiment_time": 0.8362354399869218,
      "input_len": 32,
      "output_len": 32,
      "batch_size": 128
    },
    {
      "model": "/home/ubuntu/models/phi-4",
      "nestedfp": true,
      "input_length": 32,
      "output_length": 32,
      "num_requests": 256,
      "successful_requests": 256,
      "failed_requests": 0,
      "avg_e2e_latency": 1.2546550707541542,
      "p90_e2e_latency": 1.3610130750093958,
      "p99_e2e_latency": 1.37258246385245,
      "avg_ttft": 0.5026895126801492,
      "avg_tpot": 0.02407620256472466,
      "total_tokens": 8175,
      "throughput_tokens_per_sec": 5760.106764173737,
      "total_experiment_time": 1.4192445270018652,
      "input_len": 32,
      "output_len": 32,
      "batch_size": 256
    },
    {
      "model": "/home/ubuntu/models/phi-4",
      "nestedfp": true,
      "input_length": 32,
      "output_length": 32,
      "num_requests": 512,
      "successful_requests": 512,
      "failed_requests": 0,
      "avg_e2e_latency": 2.374082204587978,
      "p90_e2e_latency": 2.394170965894591,
      "p99_e2e_latency": 2.4020270113185687,
      "avg_ttft": 1.08393126883621,
      "avg_tpot": 0.04159476184636675,
      "total_tokens": 16383,
      "throughput_tokens_per_sec": 6718.532036194931,
      "total_experiment_time": 2.438479107004241,
      "input_len": 32,
      "output_len": 32,
      "batch_size": 512
    },
    {
      "model": "/home/ubuntu/models/phi-4",
      "nestedfp": true,
      "input_length": 32,
      "output_length": 512,
      "num_requests": 32,
      "successful_requests": 32,
      "failed_requests": 0,
      "avg_e2e_latency": 7.0211518076253014,
      "p90_e2e_latency": 7.0283398368977945,
      "p99_e2e_latency": 7.029860481503857,
      "avg_ttft": 0.07605106928122041,
      "avg_tpot": 0.013586564102518114,
      "total_tokens": 16384,
      "throughput_tokens_per_sec": 2330.0481701095187,
      "total_experiment_time": 7.031614285995602,
      "input_len": 32,
      "output_len": 512,
      "batch_size": 32
    },
    {
      "model": "/home/ubuntu/models/phi-4",
      "nestedfp": true,
      "input_length": 32,
      "output_length": 512,
      "num_requests": 64,
      "successful_requests": 64,
      "failed_requests": 0,
      "avg_e2e_latency": 7.876996616468887,
      "p90_e2e_latency": 7.878711095005565,
      "p99_e2e_latency": 8.043695330895861,
      "avg_ttft": 0.34572179951601356,
      "avg_tpot": 0.015086837496986184,
      "total_tokens": 32004,
      "throughput_tokens_per_sec": 3976.3721654988094,
      "total_experiment_time": 8.048542406992055,
      "input_len": 32,
      "output_len": 512,
      "batch_size": 64
    },
    {
      "model": "/home/ubuntu/models/phi-4",
      "nestedfp": true,
      "input_length": 32,
      "output_length": 512,
      "num_requests": 128,
      "successful_requests": 128,
      "failed_requests": 0,
      "avg_e2e_latency": 9.654747476327884,
      "p90_e2e_latency": 9.665914033194714,
      "p99_e2e_latency": 9.669062644099467,
      "avg_ttft": 0.24569760659346684,
      "avg_tpot": 0.018385507088452022,
      "total_tokens": 65535,
      "throughput_tokens_per_sec": 6770.726673481732,
      "total_experiment_time": 9.679167858994333,
      "input_len": 32,
      "output_len": 512,
      "batch_size": 128
    },
    {
      "model": "/home/ubuntu/models/phi-4",
      "nestedfp": true,
      "input_length": 32,
      "output_length": 512,
      "num_requests": 256,
      "successful_requests": 256,
      "failed_requests": 0,
      "avg_e2e_latency": 13.409648327703508,
      "p90_e2e_latency": 13.431858767500671,
      "p99_e2e_latency": 13.435957512452296,
      "avg_ttft": 0.4962230337343385,
      "avg_tpot": 0.025248944847630184,
      "total_tokens": 131069,
      "throughput_tokens_per_sec": 9741.869766939919,
      "total_experiment_time": 13.454193408004357,
      "input_len": 32,
      "output_len": 512,
      "batch_size": 256
    },
    {
      "model": "/home/ubuntu/models/phi-4",
      "nestedfp": true,
      "input_length": 32,
      "output_length": 512,
      "num_requests": 512,
      "successful_requests": 512,
      "failed_requests": 0,
      "avg_e2e_latency": 24.322823340210533,
      "p90_e2e_latency": 27.282950766701834,
      "p99_e2e_latency": 27.954894047667914,
      "avg_ttft": 1.006646319808425,
      "avg_tpot": 0.04561980356901097,
      "total_tokens": 262097,
      "throughput_tokens_per_sec": 9342.594321041803,
      "total_experiment_time": 28.05398489900108,
      "input_len": 32,
      "output_len": 512,
      "batch_size": 512
    }
  ]
}