{
  "model": "/home/ubuntu/models/Mistral-Small-24B-Base-2501",
  "model_short_name": "Mistral-Small-24B-Base-2501",
  "nestedfp": false,
  "test_configurations": {
    "input_output_combinations": [
      [
        32,
        32
      ],
      [
        32,
        512
      ]
    ],
    "batch_sizes": [
      32,
      64,
      128,
      256,
      512
    ]
  },
  "results": [
    {
      "model": "/home/ubuntu/models/Mistral-Small-24B-Base-2501",
      "nestedfp": false,
      "input_length": 32,
      "output_length": 32,
      "num_requests": 32,
      "successful_requests": 32,
      "failed_requests": 0,
      "avg_e2e_latency": 0.708767887968861,
      "p90_e2e_latency": 0.7134680435061455,
      "p99_e2e_latency": 0.7148120376747101,
      "avg_ttft": 0.17118326028185038,
      "avg_tpot": 0.018511863783222116,
      "total_tokens": 959,
      "throughput_tokens_per_sec": 1330.4524565915287,
      "total_experiment_time": 0.7208074179943651,
      "input_len": 32,
      "output_len": 32,
      "batch_size": 32
    },
    {
      "model": "/home/ubuntu/models/Mistral-Small-24B-Base-2501",
      "nestedfp": false,
      "input_length": 32,
      "output_length": 32,
      "num_requests": 64,
      "successful_requests": 64,
      "failed_requests": 0,
      "avg_e2e_latency": 0.8056874279529893,
      "p90_e2e_latency": 0.8070461895054905,
      "p99_e2e_latency": 0.9559303477256617,
      "avg_ttft": 0.3582198947494817,
      "avg_tpot": 0.018794960579166145,
      "total_tokens": 1591,
      "throughput_tokens_per_sec": 1634.5309206605345,
      "total_experiment_time": 0.9733679429918993,
      "input_len": 32,
      "output_len": 32,
      "batch_size": 64
    },
    {
      "model": "/home/ubuntu/models/Mistral-Small-24B-Base-2501",
      "nestedfp": false,
      "input_length": 32,
      "output_length": 32,
      "num_requests": 128,
      "successful_requests": 128,
      "failed_requests": 0,
      "avg_e2e_latency": 1.0439819337025256,
      "p90_e2e_latency": 1.0563362799031892,
      "p99_e2e_latency": 1.0615385626831266,
      "avg_ttft": 0.33373324428032447,
      "avg_tpot": 0.022726920283129143,
      "total_tokens": 4096,
      "throughput_tokens_per_sec": 3825.0511514220216,
      "total_experiment_time": 1.0708353530062595,
      "input_len": 32,
      "output_len": 32,
      "batch_size": 128
    },
    {
      "model": "/home/ubuntu/models/Mistral-Small-24B-Base-2501",
      "nestedfp": false,
      "input_length": 32,
      "output_length": 32,
      "num_requests": 256,
      "successful_requests": 256,
      "failed_requests": 0,
      "avg_e2e_latency": 1.5507059324722832,
      "p90_e2e_latency": 1.555962209495192,
      "p99_e2e_latency": 1.6745751342947188,
      "avg_ttft": 0.5973980576014242,
      "avg_tpot": 0.030574975515245115,
      "total_tokens": 8191,
      "throughput_tokens_per_sec": 4784.339400499616,
      "total_experiment_time": 1.7120440910075558,
      "input_len": 32,
      "output_len": 32,
      "batch_size": 256
    },
    {
      "model": "/home/ubuntu/models/Mistral-Small-24B-Base-2501",
      "nestedfp": false,
      "input_length": 32,
      "output_length": 32,
      "num_requests": 512,
      "successful_requests": 512,
      "failed_requests": 0,
      "avg_e2e_latency": 2.989658358277353,
      "p90_e2e_latency": 3.0156159610982285,
      "p99_e2e_latency": 3.0222864085984473,
      "avg_ttft": 1.3458525829609869,
      "avg_tpot": 0.05271203515860903,
      "total_tokens": 16383,
      "throughput_tokens_per_sec": 5358.878599636623,
      "total_experiment_time": 3.057169460997102,
      "input_len": 32,
      "output_len": 32,
      "batch_size": 512
    },
    {
      "model": "/home/ubuntu/models/Mistral-Small-24B-Base-2501",
      "nestedfp": false,
      "input_length": 32,
      "output_length": 512,
      "num_requests": 32,
      "successful_requests": 32,
      "failed_requests": 0,
      "avg_e2e_latency": 9.818528264343058,
      "p90_e2e_latency": 9.82063895080355,
      "p99_e2e_latency": 9.820988714361883,
      "avg_ttft": 0.1080227171551087,
      "avg_tpot": 0.0189954918862089,
      "total_tokens": 16384,
      "throughput_tokens_per_sec": 1667.9685552843187,
      "total_experiment_time": 9.822727142003714,
      "input_len": 32,
      "output_len": 512,
      "batch_size": 32
    },
    {
      "model": "/home/ubuntu/models/Mistral-Small-24B-Base-2501",
      "nestedfp": false,
      "input_length": 32,
      "output_length": 512,
      "num_requests": 64,
      "successful_requests": 64,
      "failed_requests": 0,
      "avg_e2e_latency": 10.519240812702265,
      "p90_e2e_latency": 10.529787180395214,
      "p99_e2e_latency": 10.530591112365947,
      "avg_ttft": 0.17195274014011375,
      "avg_tpot": 0.02023916228614208,
      "total_tokens": 32768,
      "throughput_tokens_per_sec": 3110.637860438305,
      "total_experiment_time": 10.534173847991042,
      "input_len": 32,
      "output_len": 512,
      "batch_size": 64
    },
    {
      "model": "/home/ubuntu/models/Mistral-Small-24B-Base-2501",
      "nestedfp": false,
      "input_length": 32,
      "output_length": 512,
      "num_requests": 128,
      "successful_requests": 128,
      "failed_requests": 0,
      "avg_e2e_latency": 12.528462935914035,
      "p90_e2e_latency": 12.543011282595398,
      "p99_e2e_latency": 12.54500144632926,
      "avg_ttft": 0.5863816084611244,
      "avg_tpot": 0.02334140631907236,
      "total_tokens": 65520,
      "throughput_tokens_per_sec": 5218.830437361089,
      "total_experiment_time": 12.554537033996894,
      "input_len": 32,
      "output_len": 512,
      "batch_size": 128
    },
    {
      "model": "/home/ubuntu/models/Mistral-Small-24B-Base-2501",
      "nestedfp": false,
      "input_length": 32,
      "output_length": 512,
      "num_requests": 256,
      "successful_requests": 256,
      "failed_requests": 0,
      "avg_e2e_latency": 15.680677226855323,
      "p90_e2e_latency": 15.708239852508996,
      "p99_e2e_latency": 15.711820500892646,
      "avg_ttft": 0.5859154797806809,
      "avg_tpot": 0.0295101334467198,
      "total_tokens": 131071,
      "throughput_tokens_per_sec": 8332.48633559607,
      "total_experiment_time": 15.730118805004167,
      "input_len": 32,
      "output_len": 512,
      "batch_size": 256
    },
    {
      "model": "/home/ubuntu/models/Mistral-Small-24B-Base-2501",
      "nestedfp": false,
      "input_length": 32,
      "output_length": 512,
      "num_requests": 512,
      "successful_requests": 512,
      "failed_requests": 0,
      "avg_e2e_latency": 33.661770290697405,
      "p90_e2e_latency": 40.62022824320011,
      "p99_e2e_latency": 41.25491156560471,
      "avg_ttft": 1.315498503888307,
      "avg_tpot": 0.06329037946862813,
      "total_tokens": 262138,
      "throughput_tokens_per_sec": 6348.1886943685495,
      "total_experiment_time": 41.29335352500493,
      "input_len": 32,
      "output_len": 512,
      "batch_size": 512
    }
  ]
}