{
  "model": "/home/ubuntu/models/Llama-3.1-8B",
  "model_short_name": "Llama-3.1-8B",
  "nestedfp": false,
  "test_configurations": {
    "input_output_combinations": [
      [
        32,
        32
      ],
      [
        32,
        512
      ]
    ],
    "batch_sizes": [
      32,
      64,
      128,
      256,
      512
    ]
  },
  "results": [
    {
      "model": "/home/ubuntu/models/Llama-3.1-8B",
      "nestedfp": false,
      "input_length": 32,
      "output_length": 32,
      "num_requests": 32,
      "successful_requests": 32,
      "failed_requests": 0,
      "avg_e2e_latency": 0.32657239378022496,
      "p90_e2e_latency": 0.3305152580025606,
      "p99_e2e_latency": 0.33188146560132736,
      "avg_ttft": 0.11257162793754105,
      "avg_tpot": 0.007900036192178047,
      "total_tokens": 895,
      "throughput_tokens_per_sec": 2665.0772681813337,
      "total_experiment_time": 0.33582516000024043,
      "input_len": 32,
      "output_len": 32,
      "batch_size": 32
    },
    {
      "model": "/home/ubuntu/models/Llama-3.1-8B",
      "nestedfp": false,
      "input_length": 32,
      "output_length": 32,
      "num_requests": 64,
      "successful_requests": 64,
      "failed_requests": 0,
      "avg_e2e_latency": 0.6233558835479016,
      "p90_e2e_latency": 0.6456003297018469,
      "p99_e2e_latency": 0.6476253183202061,
      "avg_ttft": 0.3692420540476178,
      "avg_tpot": 0.008661394990900512,
      "total_tokens": 1920,
      "throughput_tokens_per_sec": 2917.709473633437,
      "total_experiment_time": 0.6580504390003625,
      "input_len": 32,
      "output_len": 32,
      "batch_size": 64
    },
    {
      "model": "/home/ubuntu/models/Llama-3.1-8B",
      "nestedfp": false,
      "input_length": 32,
      "output_length": 32,
      "num_requests": 128,
      "successful_requests": 128,
      "failed_requests": 0,
      "avg_e2e_latency": 0.4899891583821727,
      "p90_e2e_latency": 0.49749009759834734,
      "p99_e2e_latency": 0.4999929736615741,
      "avg_ttft": 0.16821058785149035,
      "avg_tpot": 0.010283704225525044,
      "total_tokens": 4094,
      "throughput_tokens_per_sec": 7870.922969196249,
      "total_experiment_time": 0.5201423030084698,
      "input_len": 32,
      "output_len": 32,
      "batch_size": 128
    },
    {
      "model": "/home/ubuntu/models/Llama-3.1-8B",
      "nestedfp": false,
      "input_length": 32,
      "output_length": 32,
      "num_requests": 256,
      "successful_requests": 256,
      "failed_requests": 0,
      "avg_e2e_latency": 0.8088508175586071,
      "p90_e2e_latency": 0.8841226075019222,
      "p99_e2e_latency": 0.8900766279490199,
      "avg_ttft": 0.3951976910468602,
      "avg_tpot": 0.013601475248258613,
      "total_tokens": 8046,
      "throughput_tokens_per_sec": 8640.701443943117,
      "total_experiment_time": 0.9311744020087644,
      "input_len": 32,
      "output_len": 32,
      "batch_size": 256
    },
    {
      "model": "/home/ubuntu/models/Llama-3.1-8B",
      "nestedfp": false,
      "input_length": 32,
      "output_length": 32,
      "num_requests": 512,
      "successful_requests": 512,
      "failed_requests": 0,
      "avg_e2e_latency": 1.6418586887365336,
      "p90_e2e_latency": 1.667001582912053,
      "p99_e2e_latency": 1.672132255074248,
      "avg_ttft": 0.9727838895019829,
      "avg_tpot": 0.0223198550491478,
      "total_tokens": 16217,
      "throughput_tokens_per_sec": 9463.896848817505,
      "total_experiment_time": 1.7135647460090695,
      "input_len": 32,
      "output_len": 32,
      "batch_size": 512
    },
    {
      "model": "/home/ubuntu/models/Llama-3.1-8B",
      "nestedfp": false,
      "input_length": 32,
      "output_length": 512,
      "num_requests": 32,
      "successful_requests": 32,
      "failed_requests": 0,
      "avg_e2e_latency": 4.220556473531815,
      "p90_e2e_latency": 4.224720843609248,
      "p99_e2e_latency": 4.225465813472838,
      "avg_ttft": 0.05361510053080565,
      "avg_tpot": 0.008149729943205465,
      "total_tokens": 16384,
      "throughput_tokens_per_sec": 3875.9452592449447,
      "total_experiment_time": 4.2270978830056265,
      "input_len": 32,
      "output_len": 512,
      "batch_size": 32
    },
    {
      "model": "/home/ubuntu/models/Llama-3.1-8B",
      "nestedfp": false,
      "input_length": 32,
      "output_length": 512,
      "num_requests": 64,
      "successful_requests": 64,
      "failed_requests": 0,
      "avg_e2e_latency": 4.678147522329027,
      "p90_e2e_latency": 4.683826342703833,
      "p99_e2e_latency": 4.684532378472795,
      "avg_ttft": 0.09492669946939714,
      "avg_tpot": 0.008957101170694483,
      "total_tokens": 32767,
      "throughput_tokens_per_sec": 6987.630507236464,
      "total_experiment_time": 4.689286298991647,
      "input_len": 32,
      "output_len": 512,
      "batch_size": 64
    },
    {
      "model": "/home/ubuntu/models/Llama-3.1-8B",
      "nestedfp": false,
      "input_length": 32,
      "output_length": 512,
      "num_requests": 128,
      "successful_requests": 128,
      "failed_requests": 0,
      "avg_e2e_latency": 5.67339141298487,
      "p90_e2e_latency": 5.684878260603,
      "p99_e2e_latency": 5.687905065352388,
      "avg_ttft": 0.39228503942297266,
      "avg_tpot": 0.010983783931758594,
      "total_tokens": 62486,
      "throughput_tokens_per_sec": 10970.747712136856,
      "total_experiment_time": 5.695692002002033,
      "input_len": 32,
      "output_len": 512,
      "batch_size": 128
    },
    {
      "model": "/home/ubuntu/models/Llama-3.1-8B",
      "nestedfp": false,
      "input_length": 32,
      "output_length": 512,
      "num_requests": 256,
      "successful_requests": 256,
      "failed_requests": 0,
      "avg_e2e_latency": 7.803209420256962,
      "p90_e2e_latency": 7.919467805499153,
      "p99_e2e_latency": 7.923762836347305,
      "avg_ttft": 0.3827522303042201,
      "avg_tpot": 0.014432675141041844,
      "total_tokens": 131039,
      "throughput_tokens_per_sec": 16502.17937390033,
      "total_experiment_time": 7.940708741007256,
      "input_len": 32,
      "output_len": 512,
      "batch_size": 256
    },
    {
      "model": "/home/ubuntu/models/Llama-3.1-8B",
      "nestedfp": false,
      "input_length": 32,
      "output_length": 512,
      "num_requests": 512,
      "successful_requests": 512,
      "failed_requests": 0,
      "avg_e2e_latency": 12.879300255228571,
      "p90_e2e_latency": 12.952826190712221,
      "p99_e2e_latency": 12.9769243254092,
      "avg_ttft": 0.6174626501992009,
      "avg_tpot": 0.023821329046679947,
      "total_tokens": 262016,
      "throughput_tokens_per_sec": 19912.24016507454,
      "total_experiment_time": 13.15853956299543,
      "input_len": 32,
      "output_len": 512,
      "batch_size": 512
    }
  ]
}