{
  "model": "/home/ubuntu/models/Mistral-Nemo-Base-2407",
  "model_short_name": "Mistral-Nemo-Base-2407",
  "nestedfp": true,
  "test_configurations": {
    "input_output_combinations": [
      [
        32,
        32
      ],
      [
        32,
        512
      ]
    ],
    "batch_sizes": [
      32,
      64,
      128,
      256,
      512
    ]
  },
  "results": [
    {
      "model": "/home/ubuntu/models/Mistral-Nemo-Base-2407",
      "nestedfp": true,
      "input_length": 32,
      "output_length": 32,
      "num_requests": 32,
      "successful_requests": 32,
      "failed_requests": 0,
      "avg_e2e_latency": 0.4490764063430106,
      "p90_e2e_latency": 0.45340934789710446,
      "p99_e2e_latency": 0.45418012525784435,
      "avg_ttft": 0.08983133934361831,
      "avg_tpot": 0.011547572910785675,
      "total_tokens": 1024,
      "throughput_tokens_per_sec": 2201.941684633022,
      "total_experiment_time": 0.4650441050034715,
      "input_len": 32,
      "output_len": 32,
      "batch_size": 32
    },
    {
      "model": "/home/ubuntu/models/Mistral-Nemo-Base-2407",
      "nestedfp": true,
      "input_length": 32,
      "output_length": 32,
      "num_requests": 64,
      "successful_requests": 64,
      "failed_requests": 0,
      "avg_e2e_latency": 0.5091825279378099,
      "p90_e2e_latency": 0.514834946708288,
      "p99_e2e_latency": 0.5167438425708678,
      "avg_ttft": 0.11724997340570553,
      "avg_tpot": 0.012559068539450248,
      "total_tokens": 2048,
      "throughput_tokens_per_sec": 3904.0820865092014,
      "total_experiment_time": 0.5245791339984862,
      "input_len": 32,
      "output_len": 32,
      "batch_size": 64
    },
    {
      "model": "/home/ubuntu/models/Mistral-Nemo-Base-2407",
      "nestedfp": true,
      "input_length": 32,
      "output_length": 32,
      "num_requests": 128,
      "successful_requests": 128,
      "failed_requests": 0,
      "avg_e2e_latency": 0.6640341717737783,
      "p90_e2e_latency": 0.6745693434946588,
      "p99_e2e_latency": 0.6765600926942716,
      "avg_ttft": 0.19594789866403062,
      "avg_tpot": 0.014926313975405307,
      "total_tokens": 4095,
      "throughput_tokens_per_sec": 5886.899168069131,
      "total_experiment_time": 0.6956123900017701,
      "input_len": 32,
      "output_len": 32,
      "batch_size": 128
    },
    {
      "model": "/home/ubuntu/models/Mistral-Nemo-Base-2407",
      "nestedfp": true,
      "input_length": 32,
      "output_length": 32,
      "num_requests": 256,
      "successful_requests": 256,
      "failed_requests": 0,
      "avg_e2e_latency": 1.096180884324781,
      "p90_e2e_latency": 1.214227752003353,
      "p99_e2e_latency": 1.2461076601037349,
      "avg_ttft": 0.4250142404455346,
      "avg_tpot": 0.021644733560671293,
      "total_tokens": 8153,
      "throughput_tokens_per_sec": 6307.076284419783,
      "total_experiment_time": 1.29267502600851,
      "input_len": 32,
      "output_len": 32,
      "batch_size": 256
    },
    {
      "model": "/home/ubuntu/models/Mistral-Nemo-Base-2407",
      "nestedfp": true,
      "input_length": 32,
      "output_length": 32,
      "num_requests": 512,
      "successful_requests": 512,
      "failed_requests": 0,
      "avg_e2e_latency": 2.0059512499255447,
      "p90_e2e_latency": 2.035065423794731,
      "p99_e2e_latency": 2.0432815597593437,
      "avg_ttft": 0.8997912400195389,
      "avg_tpot": 0.035985315107258296,
      "total_tokens": 16357,
      "throughput_tokens_per_sec": 7901.772568128546,
      "total_experiment_time": 2.0700418619962875,
      "input_len": 32,
      "output_len": 32,
      "batch_size": 512
    },
    {
      "model": "/home/ubuntu/models/Mistral-Nemo-Base-2407",
      "nestedfp": true,
      "input_length": 32,
      "output_length": 512,
      "num_requests": 32,
      "successful_requests": 32,
      "failed_requests": 0,
      "avg_e2e_latency": 6.076744203562157,
      "p90_e2e_latency": 6.082576338900253,
      "p99_e2e_latency": 6.082703219894902,
      "avg_ttft": 0.06865471968603742,
      "avg_tpot": 0.011751936970974833,
      "total_tokens": 16384,
      "throughput_tokens_per_sec": 2692.351684650109,
      "total_experiment_time": 6.085386278995429,
      "input_len": 32,
      "output_len": 512,
      "batch_size": 32
    },
    {
      "model": "/home/ubuntu/models/Mistral-Nemo-Base-2407",
      "nestedfp": true,
      "input_length": 32,
      "output_length": 512,
      "num_requests": 64,
      "successful_requests": 64,
      "failed_requests": 0,
      "avg_e2e_latency": 6.974430269781578,
      "p90_e2e_latency": 6.999778215699189,
      "p99_e2e_latency": 7.001310903356789,
      "avg_ttft": 0.380431069782162,
      "avg_tpot": 0.012928979429311382,
      "total_tokens": 32679,
      "throughput_tokens_per_sec": 4665.425686182767,
      "total_experiment_time": 7.004505525997956,
      "input_len": 32,
      "output_len": 512,
      "batch_size": 64
    },
    {
      "model": "/home/ubuntu/models/Mistral-Nemo-Base-2407",
      "nestedfp": true,
      "input_length": 32,
      "output_length": 512,
      "num_requests": 128,
      "successful_requests": 128,
      "failed_requests": 0,
      "avg_e2e_latency": 8.049021263851387,
      "p90_e2e_latency": 8.058846185600851,
      "p99_e2e_latency": 8.061333438102592,
      "avg_ttft": 0.21237661682766884,
      "avg_tpot": 0.015321963359273556,
      "total_tokens": 65535,
      "throughput_tokens_per_sec": 8120.79273582679,
      "total_experiment_time": 8.070024950997322,
      "input_len": 32,
      "output_len": 512,
      "batch_size": 128
    },
    {
      "model": "/home/ubuntu/models/Mistral-Nemo-Base-2407",
      "nestedfp": true,
      "input_length": 32,
      "output_length": 512,
      "num_requests": 256,
      "successful_requests": 256,
      "failed_requests": 0,
      "avg_e2e_latency": 11.637742286397724,
      "p90_e2e_latency": 11.662700466491515,
      "p99_e2e_latency": 11.66697428235202,
      "avg_ttft": 0.3863115809253941,
      "avg_tpot": 0.021981864299362563,
      "total_tokens": 131071,
      "throughput_tokens_per_sec": 11218.809421893267,
      "total_experiment_time": 11.683147032003035,
      "input_len": 32,
      "output_len": 512,
      "batch_size": 256
    },
    {
      "model": "/home/ubuntu/models/Mistral-Nemo-Base-2407",
      "nestedfp": true,
      "input_length": 32,
      "output_length": 512,
      "num_requests": 512,
      "successful_requests": 512,
      "failed_requests": 0,
      "avg_e2e_latency": 19.580405202713024,
      "p90_e2e_latency": 19.64661288269708,
      "p99_e2e_latency": 19.68081821280459,
      "avg_ttft": 0.8233293593377482,
      "avg_tpot": 0.036544212382193124,
      "total_tokens": 262082,
      "throughput_tokens_per_sec": 13287.855029841488,
      "total_experiment_time": 19.723424089999753,
      "input_len": 32,
      "output_len": 512,
      "batch_size": 512
    }
  ]
}