{
  "model": "/home/ubuntu/models/Mistral-Small-24B-Base-2501",
  "model_short_name": "Mistral-Small-24B-Base-2501",
  "nestedfp": true,
  "test_configurations": {
    "input_output_combinations": [
      [
        32,
        32
      ],
      [
        32,
        512
      ]
    ],
    "batch_sizes": [
      32,
      64,
      128,
      256,
      512
    ]
  },
  "results": [
    {
      "model": "/home/ubuntu/models/Mistral-Small-24B-Base-2501",
      "nestedfp": true,
      "input_length": 32,
      "output_length": 32,
      "num_requests": 32,
      "successful_requests": 32,
      "failed_requests": 0,
      "avg_e2e_latency": 0.7322204990323371,
      "p90_e2e_latency": 0.7385332093006582,
      "p99_e2e_latency": 0.7400157425337238,
      "avg_ttft": 0.14248396018865606,
      "avg_tpot": 0.01893512111517691,
      "total_tokens": 1024,
      "throughput_tokens_per_sec": 1376.8645259927503,
      "total_experiment_time": 0.7437187760078814,
      "input_len": 32,
      "output_len": 32,
      "batch_size": 32
    },
    {
      "model": "/home/ubuntu/models/Mistral-Small-24B-Base-2501",
      "nestedfp": true,
      "input_length": 32,
      "output_length": 32,
      "num_requests": 64,
      "successful_requests": 64,
      "failed_requests": 0,
      "avg_e2e_latency": 0.8612626526573877,
      "p90_e2e_latency": 0.8702452939978684,
      "p99_e2e_latency": 0.8722534251520119,
      "avg_ttft": 0.1927729113119767,
      "avg_tpot": 0.021482424510102113,
      "total_tokens": 2048,
      "throughput_tokens_per_sec": 2321.8808871255046,
      "total_experiment_time": 0.8820435240049846,
      "input_len": 32,
      "output_len": 32,
      "batch_size": 64
    },
    {
      "model": "/home/ubuntu/models/Mistral-Small-24B-Base-2501",
      "nestedfp": true,
      "input_length": 32,
      "output_length": 32,
      "num_requests": 128,
      "successful_requests": 128,
      "failed_requests": 0,
      "avg_e2e_latency": 1.1346402265397728,
      "p90_e2e_latency": 1.1481653788025141,
      "p99_e2e_latency": 1.1544851884711533,
      "avg_ttft": 0.36486604284368696,
      "avg_tpot": 0.02459307717940499,
      "total_tokens": 4096,
      "throughput_tokens_per_sec": 3514.0975776138257,
      "total_experiment_time": 1.1655908549873857,
      "input_len": 32,
      "output_len": 32,
      "batch_size": 128
    },
    {
      "model": "/home/ubuntu/models/Mistral-Small-24B-Base-2501",
      "nestedfp": true,
      "input_length": 32,
      "output_length": 32,
      "num_requests": 256,
      "successful_requests": 256,
      "failed_requests": 0,
      "avg_e2e_latency": 1.7749818700471565,
      "p90_e2e_latency": 1.783126442503999,
      "p99_e2e_latency": 1.9063427063949347,
      "avg_ttft": 0.6511212781134077,
      "avg_tpot": 0.036078724218031724,
      "total_tokens": 8191,
      "throughput_tokens_per_sec": 4138.045013933396,
      "total_experiment_time": 1.9794371430034516,
      "input_len": 32,
      "output_len": 32,
      "batch_size": 256
    },
    {
      "model": "/home/ubuntu/models/Mistral-Small-24B-Base-2501",
      "nestedfp": true,
      "input_length": 32,
      "output_length": 32,
      "num_requests": 512,
      "successful_requests": 512,
      "failed_requests": 0,
      "avg_e2e_latency": 3.3093995415758855,
      "p90_e2e_latency": 3.3412544258040726,
      "p99_e2e_latency": 3.366921969594114,
      "avg_ttft": 1.4862214696442209,
      "avg_tpot": 0.05818180813884702,
      "total_tokens": 16383,
      "throughput_tokens_per_sec": 4788.594562112143,
      "total_experiment_time": 3.421254355009296,
      "input_len": 32,
      "output_len": 32,
      "batch_size": 512
    },
    {
      "model": "/home/ubuntu/models/Mistral-Small-24B-Base-2501",
      "nestedfp": true,
      "input_length": 32,
      "output_length": 512,
      "num_requests": 32,
      "successful_requests": 32,
      "failed_requests": 0,
      "avg_e2e_latency": 9.889934235218334,
      "p90_e2e_latency": 9.892348258003768,
      "p99_e2e_latency": 9.8933179815927,
      "avg_ttft": 0.11564796375023434,
      "avg_tpot": 0.019119998815591552,
      "total_tokens": 16384,
      "throughput_tokens_per_sec": 1655.7404294421872,
      "total_experiment_time": 9.895270845998311,
      "input_len": 32,
      "output_len": 512,
      "batch_size": 32
    },
    {
      "model": "/home/ubuntu/models/Mistral-Small-24B-Base-2501",
      "nestedfp": true,
      "input_length": 32,
      "output_length": 512,
      "num_requests": 64,
      "successful_requests": 64,
      "failed_requests": 0,
      "avg_e2e_latency": 11.10817685395341,
      "p90_e2e_latency": 11.240957852201245,
      "p99_e2e_latency": 11.24209333232924,
      "avg_ttft": 0.5701314554219152,
      "avg_tpot": 0.02084475713952085,
      "total_tokens": 32406,
      "throughput_tokens_per_sec": 2880.93902409222,
      "total_experiment_time": 11.248415787005797,
      "input_len": 32,
      "output_len": 512,
      "batch_size": 64
    },
    {
      "model": "/home/ubuntu/models/Mistral-Small-24B-Base-2501",
      "nestedfp": true,
      "input_length": 32,
      "output_length": 512,
      "num_requests": 128,
      "successful_requests": 128,
      "failed_requests": 0,
      "avg_e2e_latency": 12.803926553242036,
      "p90_e2e_latency": 12.817617810799856,
      "p99_e2e_latency": 12.820477930881315,
      "avg_ttft": 0.3524127715004397,
      "avg_tpot": 0.024341058565591652,
      "total_tokens": 65536,
      "throughput_tokens_per_sec": 5109.2658248748,
      "total_experiment_time": 12.826891817006981,
      "input_len": 32,
      "output_len": 512,
      "batch_size": 128
    },
    {
      "model": "/home/ubuntu/models/Mistral-Small-24B-Base-2501",
      "nestedfp": true,
      "input_length": 32,
      "output_length": 512,
      "num_requests": 256,
      "successful_requests": 256,
      "failed_requests": 0,
      "avg_e2e_latency": 18.13109609984042,
      "p90_e2e_latency": 18.17358582050656,
      "p99_e2e_latency": 18.409970341651206,
      "avg_ttft": 0.6054989836838445,
      "avg_tpot": 0.03425704007558768,
      "total_tokens": 131071,
      "throughput_tokens_per_sec": 7099.683717831125,
      "total_experiment_time": 18.46152662699751,
      "input_len": 32,
      "output_len": 512,
      "batch_size": 256
    },
    {
      "model": "/home/ubuntu/models/Mistral-Small-24B-Base-2501",
      "nestedfp": true,
      "input_length": 32,
      "output_length": 512,
      "num_requests": 512,
      "successful_requests": 512,
      "failed_requests": 0,
      "avg_e2e_latency": 35.34108394570151,
      "p90_e2e_latency": 43.41242750630481,
      "p99_e2e_latency": 44.047847428260724,
      "avg_ttft": 1.3775058293104223,
      "avg_tpot": 0.06652737508500167,
      "total_tokens": 262143,
      "throughput_tokens_per_sec": 5942.300892947351,
      "total_experiment_time": 44.11473008900066,
      "input_len": 32,
      "output_len": 512,
      "batch_size": 512
    }
  ]
}