{
  "model": "/home/ubuntu/models/Mistral-Nemo-Base-2407",
  "model_short_name": "Mistral-Nemo-Base-2407",
  "nestedfp": false,
  "test_configurations": {
    "input_output_combinations": [
      [
        32,
        32
      ],
      [
        32,
        512
      ]
    ],
    "batch_sizes": [
      32,
      64,
      128,
      256,
      512
    ]
  },
  "results": [
    {
      "model": "/home/ubuntu/models/Mistral-Nemo-Base-2407",
      "nestedfp": false,
      "input_length": 32,
      "output_length": 32,
      "num_requests": 32,
      "successful_requests": 32,
      "failed_requests": 0,
      "avg_e2e_latency": 0.4347328175936127,
      "p90_e2e_latency": 0.43852982919634087,
      "p99_e2e_latency": 0.43993920174179946,
      "avg_ttft": 0.1861906347198783,
      "avg_tpot": 0.010803067438274975,
      "total_tokens": 769,
      "throughput_tokens_per_sec": 1708.7831303661956,
      "total_experiment_time": 0.4500278510095086,
      "input_len": 32,
      "output_len": 32,
      "batch_size": 32
    },
    {
      "model": "/home/ubuntu/models/Mistral-Nemo-Base-2407",
      "nestedfp": false,
      "input_length": 32,
      "output_length": 32,
      "num_requests": 64,
      "successful_requests": 64,
      "failed_requests": 0,
      "avg_e2e_latency": 0.7474274845164928,
      "p90_e2e_latency": 0.7565476927004056,
      "p99_e2e_latency": 0.7592939039193152,
      "avg_ttft": 0.3757684745935421,
      "avg_tpot": 0.012269059977223797,
      "total_tokens": 2021,
      "throughput_tokens_per_sec": 2624.085345104667,
      "total_experiment_time": 0.7701731209963327,
      "input_len": 32,
      "output_len": 32,
      "batch_size": 64
    },
    {
      "model": "/home/ubuntu/models/Mistral-Nemo-Base-2407",
      "nestedfp": false,
      "input_length": 32,
      "output_length": 32,
      "num_requests": 128,
      "successful_requests": 128,
      "failed_requests": 0,
      "avg_e2e_latency": 0.6400302785633585,
      "p90_e2e_latency": 0.6515949970984366,
      "p99_e2e_latency": 0.6559636893164134,
      "avg_ttft": 0.20548563239105988,
      "avg_tpot": 0.013877668297819558,
      "total_tokens": 4095,
      "throughput_tokens_per_sec": 6122.943447219037,
      "total_experiment_time": 0.6687959859991679,
      "input_len": 32,
      "output_len": 32,
      "batch_size": 128
    },
    {
      "model": "/home/ubuntu/models/Mistral-Nemo-Base-2407",
      "nestedfp": false,
      "input_length": 32,
      "output_length": 32,
      "num_requests": 256,
      "successful_requests": 256,
      "failed_requests": 0,
      "avg_e2e_latency": 0.9751928665040168,
      "p90_e2e_latency": 1.0989302425005008,
      "p99_e2e_latency": 1.1282275213045068,
      "avg_ttft": 0.41298335142221276,
      "avg_tpot": 0.018023964233038973,
      "total_tokens": 8174,
      "throughput_tokens_per_sec": 7030.389011239754,
      "total_experiment_time": 1.1626668150129262,
      "input_len": 32,
      "output_len": 32,
      "batch_size": 256
    },
    {
      "model": "/home/ubuntu/models/Mistral-Nemo-Base-2407",
      "nestedfp": false,
      "input_length": 32,
      "output_length": 32,
      "num_requests": 512,
      "successful_requests": 512,
      "failed_requests": 0,
      "avg_e2e_latency": 1.9215594170078418,
      "p90_e2e_latency": 1.9433720498898766,
      "p99_e2e_latency": 1.9491108424306731,
      "avg_ttft": 0.9147893646271541,
      "avg_tpot": 0.032514884520990626,
      "total_tokens": 16338,
      "throughput_tokens_per_sec": 8245.976445730039,
      "total_experiment_time": 1.9813299380039098,
      "input_len": 32,
      "output_len": 32,
      "batch_size": 512
    },
    {
      "model": "/home/ubuntu/models/Mistral-Nemo-Base-2407",
      "nestedfp": false,
      "input_length": 32,
      "output_length": 512,
      "num_requests": 32,
      "successful_requests": 32,
      "failed_requests": 0,
      "avg_e2e_latency": 5.8147704889988745,
      "p90_e2e_latency": 5.820641910500126,
      "p99_e2e_latency": 5.821081634978036,
      "avg_ttft": 0.06821241465695493,
      "avg_tpot": 0.01124161301060432,
      "total_tokens": 16384,
      "throughput_tokens_per_sec": 2813.598671571153,
      "total_experiment_time": 5.823147474991856,
      "input_len": 32,
      "output_len": 512,
      "batch_size": 32
    },
    {
      "model": "/home/ubuntu/models/Mistral-Nemo-Base-2407",
      "nestedfp": false,
      "input_length": 32,
      "output_length": 512,
      "num_requests": 64,
      "successful_requests": 64,
      "failed_requests": 0,
      "avg_e2e_latency": 6.344237563421302,
      "p90_e2e_latency": 6.350216964691936,
      "p99_e2e_latency": 6.350986424035218,
      "avg_ttft": 0.1152892210770915,
      "avg_tpot": 0.01217822901131822,
      "total_tokens": 32768,
      "throughput_tokens_per_sec": 5156.292913301909,
      "total_experiment_time": 6.354953171001398,
      "input_len": 32,
      "output_len": 512,
      "batch_size": 64
    },
    {
      "model": "/home/ubuntu/models/Mistral-Nemo-Base-2407",
      "nestedfp": false,
      "input_length": 32,
      "output_length": 512,
      "num_requests": 128,
      "successful_requests": 128,
      "failed_requests": 0,
      "avg_e2e_latency": 7.815505077171679,
      "p90_e2e_latency": 7.828068334492855,
      "p99_e2e_latency": 7.830010798975418,
      "avg_ttft": 0.4158044768595346,
      "avg_tpot": 0.014450636315077484,
      "total_tokens": 65536,
      "throughput_tokens_per_sec": 8360.163043115577,
      "total_experiment_time": 7.839081565995002,
      "input_len": 32,
      "output_len": 512,
      "batch_size": 128
    },
    {
      "model": "/home/ubuntu/models/Mistral-Nemo-Base-2407",
      "nestedfp": false,
      "input_length": 32,
      "output_length": 512,
      "num_requests": 256,
      "successful_requests": 256,
      "failed_requests": 0,
      "avg_e2e_latency": 10.113342665632615,
      "p90_e2e_latency": 10.138761244503257,
      "p99_e2e_latency": 10.143573420258326,
      "avg_ttft": 0.38558917917572444,
      "avg_tpot": 0.018985124595759968,
      "total_tokens": 131021,
      "throughput_tokens_per_sec": 12895.376951082386,
      "total_experiment_time": 10.160307875994476,
      "input_len": 32,
      "output_len": 512,
      "batch_size": 256
    },
    {
      "model": "/home/ubuntu/models/Mistral-Nemo-Base-2407",
      "nestedfp": false,
      "input_length": 32,
      "output_length": 512,
      "num_requests": 512,
      "successful_requests": 512,
      "failed_requests": 0,
      "avg_e2e_latency": 18.007147675451023,
      "p90_e2e_latency": 18.057502815601765,
      "p99_e2e_latency": 18.065514098261772,
      "avg_ttft": 0.8704645728670641,
      "avg_tpot": 0.03339998836495153,
      "total_tokens": 262122,
      "throughput_tokens_per_sec": 14474.063195406174,
      "total_experiment_time": 18.109773079006118,
      "input_len": 32,
      "output_len": 512,
      "batch_size": 512
    }
  ]
}