{
  "model": "/home/ubuntu/models/Llama-3.1-8B",
  "model_short_name": "Llama-3.1-8B",
  "nestedfp": true,
  "test_configurations": {
    "input_output_combinations": [
      [
        32,
        32
      ],
      [
        32,
        512
      ]
    ],
    "batch_sizes": [
      32,
      64,
      128,
      256,
      512
    ]
  },
  "results": [
    {
      "model": "/home/ubuntu/models/Llama-3.1-8B",
      "nestedfp": true,
      "input_length": 32,
      "output_length": 32,
      "num_requests": 32,
      "successful_requests": 32,
      "failed_requests": 0,
      "avg_e2e_latency": 0.5975585565633992,
      "p90_e2e_latency": 0.6012536331021693,
      "p99_e2e_latency": 0.6026148483861471,
      "avg_ttft": 0.34583092715729435,
      "avg_tpot": 0.00806155296102647,
      "total_tokens": 1024,
      "throughput_tokens_per_sec": 1690.9770320994305,
      "total_experiment_time": 0.6055670659989119,
      "input_len": 32,
      "output_len": 32,
      "batch_size": 32
    },
    {
      "model": "/home/ubuntu/models/Llama-3.1-8B",
      "nestedfp": true,
      "input_length": 32,
      "output_length": 32,
      "num_requests": 64,
      "successful_requests": 64,
      "failed_requests": 0,
      "avg_e2e_latency": 0.37013519046877263,
      "p90_e2e_latency": 0.37439379589923194,
      "p99_e2e_latency": 0.37630928446727924,
      "avg_ttft": 0.0852719050928954,
      "avg_tpot": 0.00913988839314189,
      "total_tokens": 2047,
      "throughput_tokens_per_sec": 5280.049763979764,
      "total_experiment_time": 0.3876857400027802,
      "input_len": 32,
      "output_len": 32,
      "batch_size": 64
    },
    {
      "model": "/home/ubuntu/models/Llama-3.1-8B",
      "nestedfp": true,
      "input_length": 32,
      "output_length": 32,
      "num_requests": 128,
      "successful_requests": 128,
      "failed_requests": 0,
      "avg_e2e_latency": 0.4953628808660824,
      "p90_e2e_latency": 0.5032322768995072,
      "p99_e2e_latency": 0.5066677018073097,
      "avg_ttft": 0.16331031234381044,
      "avg_tpot": 0.010658528757843438,
      "total_tokens": 4083,
      "throughput_tokens_per_sec": 7784.5773658232365,
      "total_experiment_time": 0.5244986089965096,
      "input_len": 32,
      "output_len": 32,
      "batch_size": 128
    },
    {
      "model": "/home/ubuntu/models/Llama-3.1-8B",
      "nestedfp": true,
      "input_length": 32,
      "output_length": 32,
      "num_requests": 256,
      "successful_requests": 256,
      "failed_requests": 0,
      "avg_e2e_latency": 0.8828629026482986,
      "p90_e2e_latency": 0.9786841884997557,
      "p99_e2e_latency": 0.9882972989493283,
      "avg_ttft": 0.4079452570115336,
      "avg_tpot": 0.01524662184192568,
      "total_tokens": 8160,
      "throughput_tokens_per_sec": 7967.816567236981,
      "total_experiment_time": 1.0241199619922554,
      "input_len": 32,
      "output_len": 32,
      "batch_size": 256
    },
    {
      "model": "/home/ubuntu/models/Llama-3.1-8B",
      "nestedfp": true,
      "input_length": 32,
      "output_length": 32,
      "num_requests": 512,
      "successful_requests": 512,
      "failed_requests": 0,
      "avg_e2e_latency": 1.5673820979022537,
      "p90_e2e_latency": 1.5937017808959353,
      "p99_e2e_latency": 1.600120610321028,
      "avg_ttft": 0.7966177550992484,
      "avg_tpot": 0.025085011968568032,
      "total_tokens": 16294,
      "throughput_tokens_per_sec": 9973.225659539006,
      "total_experiment_time": 1.6337743229960324,
      "input_len": 32,
      "output_len": 32,
      "batch_size": 512
    },
    {
      "model": "/home/ubuntu/models/Llama-3.1-8B",
      "nestedfp": true,
      "input_length": 32,
      "output_length": 512,
      "num_requests": 32,
      "successful_requests": 32,
      "failed_requests": 0,
      "avg_e2e_latency": 4.311654203970647,
      "p90_e2e_latency": 4.315626717802661,
      "p99_e2e_latency": 4.31625577837709,
      "avg_ttft": 0.058050715593708446,
      "avg_tpot": 0.008319373320926658,
      "total_tokens": 16384,
      "throughput_tokens_per_sec": 3794.041111823548,
      "total_experiment_time": 4.318350675996044,
      "input_len": 32,
      "output_len": 512,
      "batch_size": 32
    },
    {
      "model": "/home/ubuntu/models/Llama-3.1-8B",
      "nestedfp": true,
      "input_length": 32,
      "output_length": 512,
      "num_requests": 64,
      "successful_requests": 64,
      "failed_requests": 0,
      "avg_e2e_latency": 4.811634213015168,
      "p90_e2e_latency": 4.814996918103134,
      "p99_e2e_latency": 4.892961771753471,
      "avg_ttft": 0.352749374673067,
      "avg_tpot": 0.009217079168863482,
      "total_tokens": 31073,
      "throughput_tokens_per_sec": 6178.950752491927,
      "total_experiment_time": 5.028847330991994,
      "input_len": 32,
      "output_len": 512,
      "batch_size": 64
    },
    {
      "model": "/home/ubuntu/models/Llama-3.1-8B",
      "nestedfp": true,
      "input_length": 32,
      "output_length": 512,
      "num_requests": 128,
      "successful_requests": 128,
      "failed_requests": 0,
      "avg_e2e_latency": 5.793638926898666,
      "p90_e2e_latency": 5.8038243702976615,
      "p99_e2e_latency": 5.806289374756889,
      "avg_ttft": 0.1642300119377751,
      "avg_tpot": 0.010996901782879289,
      "total_tokens": 65529,
      "throughput_tokens_per_sec": 11265.013535377015,
      "total_experiment_time": 5.817036951993941,
      "input_len": 32,
      "output_len": 512,
      "batch_size": 128
    },
    {
      "model": "/home/ubuntu/models/Llama-3.1-8B",
      "nestedfp": true,
      "input_length": 32,
      "output_length": 512,
      "num_requests": 256,
      "successful_requests": 256,
      "failed_requests": 0,
      "avg_e2e_latency": 8.626921068398246,
      "p90_e2e_latency": 8.711037124492577,
      "p99_e2e_latency": 8.718155463896256,
      "avg_ttft": 0.3956182644682258,
      "avg_tpot": 0.016044375848653397,
      "total_tokens": 130943,
      "throughput_tokens_per_sec": 14927.466720673508,
      "total_experiment_time": 8.771950555994408,
      "input_len": 32,
      "output_len": 512,
      "batch_size": 256
    },
    {
      "model": "/home/ubuntu/models/Llama-3.1-8B",
      "nestedfp": true,
      "input_length": 32,
      "output_length": 512,
      "num_requests": 512,
      "successful_requests": 512,
      "failed_requests": 0,
      "avg_e2e_latency": 14.190195416520396,
      "p90_e2e_latency": 14.262040767703729,
      "p99_e2e_latency": 14.275131548077333,
      "avg_ttft": 0.6240014204144302,
      "avg_tpot": 0.026286223526072915,
      "total_tokens": 262021,
      "throughput_tokens_per_sec": 18148.403995971075,
      "total_experiment_time": 14.437688297999557,
      "input_len": 32,
      "output_len": 512,
      "batch_size": 512
    }
  ]
}