Llama-3.1-8B_FP16,Llama-3.1-8B_NestedFP16,Mistral-Nemo-12B_FP16,Mistral-Nemo-12B_NestedFP16,Mistral-Small-24B_FP16,Mistral-Small-24B_NestedFP16,Phi-4_FP16,Phi-4_NestedFP16
1904.0690680865691,1675.353696496283,1509.8820063674139,1290.5336690267204,1149.9235088878638,1140.3222881017118,1586.1864838750755,1276.859568579253
3430.6188635479084,3012.0355213212615,2615.481365826911,2305.262207955863,1779.6474591585575,1740.6045030316911,2401.869776285318,2194.809901957984
5199.500477451245,4932.5837231973355,3805.9707669672925,3643.247204722453,1728.2010893235433,1586.8420399867503,3220.6495869119767,3002.193790681872
6181.110087675536,5871.889299619011,3442.334461010281,3115.065377796908,1923.5248311780047,1799.8178330857306,3024.05082159367,2749.065703240039
5944.125792119451,5460.421483588704,3886.846922611776,3572.693820568515,2068.7963507089435,1917.058538200355,2937.1344336979937,2655.832097429335
