Llama-3.1-8B_FP16,Llama-3.1-8B_NestedFP16,Mistral-Nemo-12B_FP16,Mistral-Nemo-12B_NestedFP16,Mistral-Small-24B_FP16,Mistral-Small-24B_NestedFP16,Phi-4_FP16,Phi-4_NestedFP16
771.6852506321682,655.7297682181297,537.2357607358549,481.39708067206755,316.49685446646436,296.45329053094713,473.2541804880211,419.10485623428036
904.9473520866545,836.3459468616262,622.2792464417338,561.6709882993576,347.76491819094025,324.4810842811985,526.0278683021243,475.0890925719518
988.2521306047864,910.6984205257837,665.6453724033955,609.5245654519706,365.2584465815981,339.81983855989813,559.2850164413594,507.65747351675657
1023.819113598724,967.3800961278367,680.0905460734314,627.180775134343,371.76757070679434,346.94772014963144,572.6540487674217,521.1879116195003
1005.7179578222631,965.8662233364798,696.6366281876113,645.7689109756652,377.65951541778065,353.0072533868253,576.3698185324766,529.7980070597961
