Llama-3.1-8B_FP16,Llama-3.1-8B_NestedFP16,Mistral-Nemo-12B_FP16,Mistral-Nemo-12B_NestedFP16,Mistral-Small-24B_FP16,Mistral-Small-24B_NestedFP16,Phi-4_FP16,Phi-4_NestedFP16
2060.072989516533,1785.8673618110004,1722.8479414932383,1409.6506430627676,1405.7590252507607,1401.8963612591951,1745.5066376084328,1440.8827097094645
4002.1718793095065,3417.232814586417,3245.5152581171237,2696.138347365393,2480.119561822342,2407.216353125869,3256.8115626414397,2730.947881016075
7263.890290320898,6346.201043989144,5941.435601906826,4974.962244816322,4095.7088749662744,3843.1062260374983,5355.354293052443,4868.35843573208
11542.761940514274,10648.775774060734,8784.819336447765,7881.10517366056,4412.131908030758,3848.2462012235396,7421.408581868519,6690.800111591995
13200.621739552742,12200.916300162302,7857.434743615597,7167.168065562419,4271.063255240546,3492.9983566674773,6212.766796672246,5593.7651476073725
