Llama-3.1-8B_FP16,Llama-3.1-8B_NestedFP16,Mistral-Nemo-12B_FP16,Mistral-Nemo-12B_NestedFP16,Mistral-Small-24B_FP16,Mistral-Small-24B_NestedFP16,Phi-4_FP16,Phi-4_NestedFP16
1150.5189428690383,1022.0180239627484,741.3915885946348,740.4580907932441,526.324155310721,497.1870248139029,763.4817698624336,653.2811919345851
1543.3842201628784,1373.1275794668388,1043.2460004323161,943.3624138471024,624.2935541534101,558.6745547891355,941.6567172396964,831.4024991346448
1689.7147573248196,1640.6504226063103,1201.626094978255,1052.7364053478755,677.1126220359599,631.5029451861059,1030.6214699995614,894.7093322168989
1840.7850592691725,1741.0311470640581,1292.1869178759116,1184.4019830148904,703.5151622877717,659.3069726194462,1058.9086567573888,958.6207461097385
1903.2977070988848,1849.7385671982563,1320.481646620345,1214.2072161522176,723.8650105723215,673.0259124712925,1098.1058816077436,1008.0148310372964
