Llama-3.1-8B_FP16,Llama-3.1-8B_NestedFP16,Mistral-Nemo-12B_FP16,Mistral-Nemo-12B_NestedFP16,Mistral-Small-24B_FP16,Mistral-Small-24B_NestedFP16,Phi-4_FP16,Phi-4_NestedFP16
2017.3776506980755,1755.9810906908162,1678.696791655146,1426.388742121818,1309.0264931562492,1307.3546942501691,1675.6440520636252,1385.5541867629847
3742.0577696066503,3300.9722596298543,3053.108513723786,2572.909531764557,2199.946025094985,2141.1833850256844,2965.2836902572417,2524.9594913755027
6591.526010454915,5878.382401177277,5029.678460845323,4393.183815880332,3309.814807651101,3173.45902061986,4304.201236898683,4104.409396040129
9026.569841936614,8358.183145199204,6709.144406899013,6091.861407908029,2934.3067017330436,2622.8862386786823,4574.044494844818,4096.519682276666
8440.543311470423,7978.42940293641,5658.467012449226,5134.67348084996,3369.2250266188485,2856.081771442933,5096.328521935872,4131.411496839368
