{
  "model_name": "phi-4",
  "threshold": 1.75,
  "layers_exceeding_threshold": 14,
  "total_layers": 160,
  "weight_min": -3.59375,
  "weight_max": 3.890625,
  "weight_average": -1.136147309667789e-06,
  "percentiles": {
    "p1": -0.044677734375,
    "p5": -0.03076171875,
    "p25": -0.0123291015625,
    "p50": 8.165836334228516e-06,
    "p75": 0.0123291015625,
    "p95": 0.03076171875,
    "p99": 0.044677734375
  },
  "exceed_threshold_percentage": {
    "positive": 0.0,
    "negative": 0.0,
    "total": 0.0
  },
  "histogram": {
    "bin_centers": [
      -2.9850001335144043,
      -2.9549999237060547,
      -2.9250001907348633,
      -2.8949999809265137,
      -2.865000009536743,
      -2.8350000381469727,
      -2.804999828338623,
      -2.7750000953674316,
      -2.744999885559082,
      -2.7150001525878906,
      -2.684999942779541,
      -2.6550002098083496,
      -2.625,
      -2.5949997901916504,
      -2.565000057220459,
      -2.5349998474121094,
      -2.505000114440918,
      -2.4749999046325684,
      -2.445000171661377,
      -2.4149999618530273,
      -2.384999990463257,
      -2.3550000190734863,
      -2.3249998092651367,
      -2.2950000762939453,
      -2.2649998664855957,
      -2.2350001335144043,
      -2.2049999237060547,
      -2.1750001907348633,
      -2.1449999809265137,
      -2.115000009536743,
      -2.0850000381469727,
      -2.054999828338623,
      -2.0250000953674316,
      -1.9950000047683716,
      -1.965000033378601,
      -1.934999942779541,
      -1.9049999713897705,
      -1.875,
      -1.8450000286102295,
      -1.815000057220459,
      -1.784999966621399,
      -1.7549999952316284,
      -1.725000023841858,
      -1.6949999332427979,
      -1.6649999618530273,
      -1.6349999904632568,
      -1.6050000190734863,
      -1.5750000476837158,
      -1.5449999570846558,
      -1.5149999856948853,
      -1.4850000143051147,
      -1.4550000429153442,
      -1.4249999523162842,
      -1.3949999809265137,
      -1.3650000095367432,
      -1.3350000381469727,
      -1.3050000667572021,
      -1.274999976158142,
      -1.2450000047683716,
      -1.215000033378601,
      -1.184999942779541,
      -1.1549999713897705,
      -1.125,
      -1.0950000286102295,
      -1.065000057220459,
      -1.034999966621399,
      -1.0049999952316284,
      -0.9750000238418579,
      -0.9449999928474426,
      -0.9149999618530273,
      -0.8849999904632568,
      -0.8550000190734863,
      -0.824999988079071,
      -0.7949999570846558,
      -0.7649999856948853,
      -0.7350000143051147,
      -0.7050000429153442,
      -0.675000011920929,
      -0.6449999809265137,
      -0.6150000095367432,
      -0.5850000381469727,
      -0.5550000071525574,
      -0.5249999761581421,
      -0.4950000047683716,
      -0.4649999737739563,
      -0.4350000023841858,
      -0.4049999713897705,
      -0.375,
      -0.3450000286102295,
      -0.3149999976158142,
      -0.2850000262260437,
      -0.2549999952316284,
      -0.22499999403953552,
      -0.19499999284744263,
      -0.16500000655651093,
      -0.13500000536441803,
      -0.10500000417232513,
      -0.07500000298023224,
      -0.044999998062849045,
      -0.014999999664723873,
      0.014999999664723873,
      0.044999998062849045,
      0.07500000298023224,
      0.10500000417232513,
      0.13500000536441803,
      0.16500000655651093,
      0.19499999284744263,
      0.22499999403953552,
      0.2549999952316284,
      0.2850000262260437,
      0.3149999976158142,
      0.3450000286102295,
      0.375,
      0.4049999713897705,
      0.4350000023841858,
      0.4649999737739563,
      0.4950000047683716,
      0.5249999761581421,
      0.5550000071525574,
      0.5850000381469727,
      0.6150000095367432,
      0.6449999809265137,
      0.675000011920929,
      0.7050000429153442,
      0.7350000143051147,
      0.7649999856948853,
      0.7949999570846558,
      0.824999988079071,
      0.8550000190734863,
      0.8849999904632568,
      0.9149999618530273,
      0.9449999928474426,
      0.9750000238418579,
      1.0049999952316284,
      1.034999966621399,
      1.065000057220459,
      1.0950000286102295,
      1.125,
      1.1549999713897705,
      1.184999942779541,
      1.215000033378601,
      1.2450000047683716,
      1.274999976158142,
      1.3050000667572021,
      1.3350000381469727,
      1.3650000095367432,
      1.3949999809265137,
      1.4249999523162842,
      1.4550000429153442,
      1.4850000143051147,
      1.5149999856948853,
      1.5449999570846558,
      1.5750000476837158,
      1.6050000190734863,
      1.6349999904632568,
      1.6649999618530273,
      1.6949999332427979,
      1.725000023841858,
      1.7549999952316284,
      1.784999966621399,
      1.815000057220459,
      1.8450000286102295,
      1.875,
      1.9049999713897705,
      1.934999942779541,
      1.965000033378601,
      1.9950000047683716,
      2.0250000953674316,
      2.054999828338623,
      2.0850000381469727,
      2.115000009536743,
      2.1449999809265137,
      2.1750001907348633,
      2.2049999237060547,
      2.2350001335144043,
      2.2649998664855957,
      2.2950000762939453,
      2.3249998092651367,
      2.3550000190734863,
      2.384999990463257,
      2.4149999618530273,
      2.445000171661377,
      2.4749999046325684,
      2.505000114440918,
      2.5349998474121094,
      2.565000057220459,
      2.5949997901916504,
      2.625,
      2.6550002098083496,
      2.684999942779541,
      2.7150001525878906,
      2.744999885559082,
      2.7750000953674316,
      2.804999828338623,
      2.8350000381469727,
      2.865000009536743,
      2.8949999809265137,
      2.9250001907348633,
      2.9549999237060547,
      2.9850001335144043
    ],