Llama-3.1-8B_FP16,Llama-3.1-8B_NestedFP16,Mistral-Nemo-12B_FP16,Mistral-Nemo-12B_NestedFP16,Mistral-Small-24B_FP16,Mistral-Small-24B_NestedFP16,Phi-4_FP16,Phi-4_NestedFP16
1527.4573265403637,1479.963711464593,1257.0572177234064,1099.351457353164,978.0664846637138,968.6848857077935,1243.1509499823574,825.1220694885278
1741.114060993834,2488.293493376107,1619.258426975024,1868.604622540826,1475.7467045202106,1429.9883469312856,1592.856111699929,1758.2893186897113
3905.70323804162,3766.004906994532,2930.0635967584303,2708.2480922762534,1897.1417355602846,1812.4639570011539,2709.5189166780096,2347.380693041297
4591.344178206365,4425.468455145893,3399.0969398371176,3053.3284646546913,2090.560616862053,1947.8153434696148,2998.44699116199,2791.721610929081
5191.778590920488,5213.4203761044755,3768.1410663296256,3553.708013165536,2259.028560777442,2076.925288526833,3214.73547317042,3013.0012285490416
