Llama-3.1-8B_FP16,Llama-3.1-8B_NestedFP16,Mistral-Nemo-12B_FP16,Mistral-Nemo-12B_NestedFP16,Mistral-Small-24B_FP16,Mistral-Small-24B_NestedFP16,Phi-4_FP16,Phi-4_NestedFP16
2099.6545390733836,1834.7198245188988,1752.6011731896672,1464.8022146128576,1453.272176011754,1438.0121094731633,1818.3663279232055,1465.6663730322389
4059.726698690494,3591.2273378909817,3361.055383370279,2852.4033301516083,2640.434359360399,2616.6271813157286,3455.8591926367453,2830.563484219802
7901.052658677845,6828.562410949558,6306.618111327227,5520.32433945537,4543.170366125048,4329.660189404329,5969.118381138331,5183.582322930293
13466.033983569758,12048.636494907068,10453.777158811017,9179.769301161949,5911.713940194097,5074.768978820062,8825.239323646409,8055.912257946609
15434.441731352199,15117.770015505355,10402.967301997054,9076.628507358006,5436.22016636863,4649.740560415458,7540.329675906366,6974.299533169136
