Llama-3.1-8B_FP16,Llama-3.1-8B_NestedFP16,Mistral-Nemo-12B_FP16,Mistral-Nemo-12B_NestedFP16,Mistral-Small-24B_FP16,Mistral-Small-24B_NestedFP16,Phi-4_FP16,Phi-4_NestedFP16
1473.8787343219021,1302.2737698620817,1085.9751083840367,970.0257303292909,787.2928903952663,750.3403478672998,1082.2184696232537,928.9261696314745
2216.383900017498,1986.8226355708773,1608.4335220994615,1273.838788703308,1024.7328289773022,964.290557875382,1504.264254606578,1319.9485236140383
2772.518165529038,2633.7200495521415,1806.8268386532882,1851.5151888978041,1212.4865034456654,1121.5913600891556,1786.8914781511046,1607.1147163072314
3225.0445369745735,3036.7134181627835,2155.9976391103623,2021.4001086758099,1316.1276816879827,1193.3044297129384,1897.0223837352623,1752.8332946834366
3342.0541696391297,3130.7827862670943,2345.249488326655,2200.6367787290587,1339.3886726252913,1238.765959268405,1985.9642767270423,1818.4170559449553
